[{"model": "pors.holiday", "pk": 1, "fields": {"HolidayDate": "1402/08/29"}}, {"model": "pors.holiday", "pk": 2, "fields": {"HolidayDate": "1402/08/30"}}, {"model": "pors.holiday", "pk": 3, "fields": {"HolidayDate": "1402/11/01"}}, {"model": "pors.holiday", "pk": 4, "fields": {"HolidayDate": "1402/11/05"}}, {"model": "pors.holiday", "pk": 5, "fields": {"HolidayDate": "1402/11/07"}}, {"model": "pors.category", "pk": 1, "fields": {"CategoryName": "ghaza asli\n"}}, {"model": "pors.item", "pk": 1, "fields": {"ItemName": "غم بر پلوی شیرازی", "Category": 1, "ItemDesc": "پلو با کوفته ریزه، کشمش، پیاز داغ، رب انار، شیره انگور، گردو ", "IsActive": true, "Image": "https://api.snappfood.biz/api/files/food/1630495057.jpeg", "CurrentPrice": 150000}}, {"model": "pors.item", "pk": 2, "fields": {"ItemName": "شیرین قاتق گیلانی", "Category": 1, "ItemDesc": "حدود 300 گرم پلو باآلو،قیصی ، رب انار ، کشمش و حدود 100 گرم سینه مرغ ", "IsActive": true, "Image": "https://api.snappfood.biz/api/files/food/1630495122.jpeg", "CurrentPrice": 170000}}, {"model": "pors.item", "pk": 3, "fields": {"ItemName": "رولت مرغ و بادمجان با چلو ", "Category": 1, "ItemDesc": "سینه مرغ، بادمجان سرخ شده سس پز، گوجه ", "IsActive": true, "Image": "https://api.snappfood.biz/api/files/food/1639489214.jpeg", "CurrentPrice": 125000}}, {"model": "pors.item", "pk": 4, "fields": {"ItemName": "کوفته نخودچی اصفهان", "Category": 1, "ItemDesc": "گوشت چرخ کرده، آرد نخودچی، لپه، سیب زمینی، رب، نعنا", "IsActive": true, "Image": "https://api.snappfood.biz/api/files/food/1639489000.jpeg", "CurrentPrice": 168800}}, {"model": "pors.item", "pk": 5, "fields": {"ItemName": "چلو خورشت واویشکا", "Category": 1, "ItemDesc": "۳۰۰ گرم برنج صددرصد ايرانی، ٣٠ گرم برنج زعفرانی ،١٠٠ گرم گوشت چرخ کرده ، ۳۰ گرم سيب زميني سرخ شده ،بسته بندی بهداشتی ماكروفری", "IsActive": true, "Image": "https://api.snappfood.biz/api/files/food/1600692539.jpeg", "CurrentPrice": 100000}}, {"model": "pors.item", "pk": 6, "fields": {"ItemName": "چکدرمه با مرغ", "Category": 1, "ItemDesc": "240 گرم ران پخته شده، 320 گرم برنج صددرصد ایرانی، سس گوجه مخصوص چکدرمه، ادویه مخصوص، بسته بندی بهداشتی مایکروفری", "IsActive": true, "Image": "https://api.snappfood.biz/api/files/food/1654609632-26886.jpeg", "CurrentPrice": 100000}}, {"model": "pors.item", "pk": 7, "fields": {"ItemName": "کوفته کرمانشاهی", "Category": 1, "ItemDesc": "حدود 100 گرم برنج به اضافه 80 گرم گوشت چرخ کرده با انواع سبزیجات معطر و سس انار با نان بسته بندی ", "IsActive": true, "Image": "https://api.snappfood.biz/api/files/food/1639489073.jpeg", "CurrentPrice": 100000}}, {"model": "pors.item", "pk": 8, "fields": {"ItemName": "یارما پلو آذری", "Category": 1, "ItemDesc": "پلو، بلغور گندم، گوشت چرخ کرده، سیب زمینی، هویج", "IsActive": true, "Image": "https://api.snappfood.biz/api/files/food/1634643105.jpeg", "CurrentPrice": 100000}}, {"model": "pors.item", "pk": 9, "fields": {"ItemName": "پلو بندری جنوبی با ماهی", "Category": 1, "ItemDesc": "پلو با مخلوطی از فلفل تند و شیرینف شوید، تن ماهی، ادویه تند", "IsActive": true, "Image": "https://api.snappfood.biz/api/files/food/1630495350.jpeg", "CurrentPrice": 100000}}, {"model": "pors.item", "pk": 10, "fields": {"ItemName": "تابه گشنیز جنوبی با پلو", "Category": 1, "ItemDesc": "حدود 300 گرم پلو 130 گرم کباب تابه ای با گشنیز و گوجه سرخ شده ", "IsActive": true, "Image": "https://api.snappfood.biz/api/files/food/1630495220.jpeg", "CurrentPrice": 100000}}, {"model": "pors.order", "pk": 1, "fields": {"Personnel": "ARCANE", "DeliveryDate": "1402/08/10", "IsDeleted": false, "AppliedSubsidy": 100000}}, {"model": "pors.order", "pk": 2, "fields": {"Personnel": "ARCANE", "DeliveryDate": "1402/09/11", "IsDeleted": false, "AppliedSubsidy": 100000}}, {"model": "pors.order", "pk": 3, "fields": {"Personnel": "ARCANE", "DeliveryDate": "1402/11/11", "IsDeleted": false, "AppliedSubsidy": 100000}}, {"model": "pors.orderitem", "pk": 1, "fields": {"OrderedItem": 1, "Quantity": 2, "PricePerOne": 150000, "Order": 1}}, {"model": "pors.orderitem", "pk": 3, "fields": {"OrderedItem": 2, "Quantity": 4, "PricePerOne": 100000, "Order": 2}}, {"model": "pors.orderitem", "pk": 4, "fields": {"OrderedItem": 1, "Quantity": 2, "PricePerOne": 150000, "Order": 3}}, {"model": "pors.dailymenuitem", "pk": 117, "fields": {"AvailableDate": "1402/11/10", "Item": 2, "IsActive": true}}, {"model": "pors.dailymenuitem", "pk": 118, "fields": {"AvailableDate": "1402/11/10", "Item": 4, "IsActive": true}}, {"model": "pors.dailymenuitem", "pk": 119, "fields": {"AvailableDate": "1402/11/09", "Item": 2, "IsActive": true}}, {"model": "pors.dailymenuitem", "pk": 120, "fields": {"AvailableDate": "1402/11/09", "Item": 1, "IsActive": true}}, {"model": "pors.dailymenuitem", "pk": 121, "fields": {"AvailableDate": "1402/11/08", "Item": 4, "IsActive": true}}, {"model": "pors.dailymenuitem", "pk": 122, "fields": {"AvailableDate": "1402/11/08", "Item": 3, "IsActive": true}}, {"model": "pors.dailymenuitem", "pk": 123, "fields": {"AvailableDate": "1402/11/12", "Item": 3, "IsActive": true}}, {"model": "pors.dailymenuitem", "pk": 124, "fields": {"AvailableDate": "1402/11/13", "Item": 4, "IsActive": true}}, {"model": "pors.dailymenuitem", "pk": 130, "fields": {"AvailableDate": "1402/11/18", "Item": 4, "IsActive": true}}, {"model": "pors.dailymenuitem", "pk": 131, "fields": {"AvailableDate": "1402/11/17", "Item": 2, "IsActive": true}}, {"model": "pors.dailymenuitem", "pk": 132, "fields": {"AvailableDate": "1402/11/16", "Item": 2, "IsActive": true}}, {"model": "pors.dailymenuitem", "pk": 133, "fields": {"AvailableDate": "1402/11/15", "Item": 4, "IsActive": true}}, {"model": "pors.dailymenuitem", "pk": 134, "fields": {"AvailableDate": "1402/11/20", "Item": 2, "IsActive": true}}, {"model": "pors.dailymenuitem", "pk": 135, "fields": {"AvailableDate": "1402/01/03", "Item": 3, "IsActive": true}}, {"model": "pors.dailymenuitem", "pk": 136, "fields": {"AvailableDate": "1402/01/03", "Item": 2, "IsActive": true}}, {"model": "pors.dailymenuitem", "pk": 147, "fields": {"AvailableDate": "1402/08/24", "Item": 1, "IsActive": true}}, {"model": "pors.dailymenuitem", "pk": 148, "fields": {"AvailableDate": "1402/08/23", "Item": 3, "IsActive": true}}, {"model": "pors.dailymenuitem", "pk": 149, "fields": {"AvailableDate": "1402/08/23", "Item": 7, "IsActive": true}}, {"model": "pors.dailymenuitem", "pk": 150, "fields": {"AvailableDate": "1402/08/23", "Item": 8, "IsActive": true}}, {"model": "pors.dailymenuitem", "pk": 151, "fields": {"AvailableDate": "1402/08/16", "Item": 3, "IsActive": true}}, {"model": "pors.dailymenuitem", "pk": 152, "fields": {"AvailableDate": "1402/08/16", "Item": 2, "IsActive": true}}, {"model": "pors.dailymenuitem", "pk": 153, "fields": {"AvailableDate": "1402/08/16", "Item": 1, "IsActive": true}}, {"model": "pors.dailymenuitem", "pk": 154, "fields": {"AvailableDate": "1402/08/16", "Item": 6, "IsActive": true}}, {"model": "pors.dailymenuitem", "pk": 165, "fields": {"AvailableDate": "1402/08/18", "Item": 2, "IsActive": true}}, {"model": "pors.dailymenuitem", "pk": 166, "fields": {"AvailableDate": "1402/08/18", "Item": 8, "IsActive": true}}, {"model": "pors.dailymenuitem", "pk": 167, "fields": {"AvailableDate": "1402/08/18", "Item": 10, "IsActive": true}}, {"model": "pors.dailymenuitem", "pk": 168, "fields": {"AvailableDate": "1402/08/18", "Item": 7, "IsActive": true}}, {"model": "pors.dailymenuitem", "pk": 169, "fields": {"AvailableDate": "1402/08/18", "Item": 6, "IsActive": true}}, {"model": "pors.dailymenuitem", "pk": 171, "fields": {"AvailableDate": "1402/08/26", "Item": 4, "IsActive": true}}, {"model": "pors.dailymenuitem", "pk": 172, "fields": {"AvailableDate": "1402/08/26", "Item": 7, "IsActive": true}}, {"model": "pors.dailymenuitem", "pk": 173, "fields": {"AvailableDate": "1402/08/26", "Item": 2, "IsActive": true}}, {"model": "pors.dailymenuitem", "pk": 174, "fields": {"AvailableDate": "1402/08/26", "Item": 6, "IsActive": true}}, {"model": "pors.dailymenuitem", "pk": 175, "fields": {"AvailableDate": "1402/08/26", "Item": 9, "IsActive": true}}, {"model": "pors.dailymenuitem", "pk": 176, "fields": {"AvailableDate": "1402/11/11", "Item": 1, "IsActive": true}}, {"model": "pors.dailymenuitem", "pk": 179, "fields": {"AvailableDate": "1402/11/01", "Item": 5, "IsActive": true}}, {"model": "pors.dailymenuitem", "pk": 180, "fields": {"AvailableDate": "1402/11/01", "Item": 2, "IsActive": true}}, {"model": "pors.dailymenuitem", "pk": 181, "fields": {"AvailableDate": "1402/11/01", "Item": 1, "IsActive": true}}, {"model": "pors.dailymenuitem", "pk": 182, "fields": {"AvailableDate": "1402/11/01", "Item": 3, "IsActive": true}}, {"model": "pors.dailymenuitem", "pk": 183, "fields": {"AvailableDate": "1402/11/01", "Item": 4, "IsActive": true}}, {"model": "pors.dailymenuitem", "pk": 184, "fields": {"AvailableDate": "1402/11/01", "Item": 10, "IsActive": true}}, {"model": "pors.dailymenuitem", "pk": 185, "fields": {"AvailableDate": "1402/11/01", "Item": 8, "IsActive": true}}, {"model": "pors.dailymenuitem", "pk": 186, "fields": {"AvailableDate": "1402/11/01", "Item": 7, "IsActive": true}}, {"model": "pors.dailymenuitem", "pk": 187, "fields": {"AvailableDate": "1402/11/01", "Item": 6, "IsActive": true}}, {"model": "pors.dailymenuitem", "pk": 188, "fields": {"AvailableDate": "1402/11/01", "Item": 9, "IsActive": true}}, {"model": "pors.dailymenuitem", "pk": 189, "fields": {"AvailableDate": "1402/11/09", "Item": 9, "IsActive": true}}, {"model": "pors.dailymenuitem", "pk": 190, "fields": {"AvailableDate": "1402/11/09", "Item": 7, "IsActive": true}}, {"model": "pors.dailymenuitem", "pk": 191, "fields": {"AvailableDate": "1402/11/09", "Item": 3, "IsActive": true}}, {"model": "pors.dailymenuitem", "pk": 192, "fields": {"AvailableDate": "1402/08/19", "Item": 10, "IsActive": true}}, {"model": "pors.dailymenuitem", "pk": 193, "fields": {"AvailableDate": "1402/08/19", "Item": 9, "IsActive": true}}, {"model": "pors.dailymenuitem", "pk": 194, "fields": {"AvailableDate": "1402/08/19", "Item": 7, "IsActive": true}}, {"model": "pors.dailymenuitem", "pk": 195, "fields": {"AvailableDate": "1402/08/19", "Item": 8, "IsActive": true}}, {"model": "pors.dailymenuitem", "pk": 196, "fields": {"AvailableDate": "1402/08/19", "Item": 3, "IsActive": true}}, {"model": "pors.dailymenuitem", "pk": 197, "fields": {"AvailableDate": "1402/08/19", "Item": 5, "IsActive": true}}, {"model": "pors.dailymenuitem", "pk": 198, "fields": {"AvailableDate": "1402/08/19", "Item": 4, "IsActive": true}}, {"model": "pors.dailymenuitem", "pk": 199, "fields": {"AvailableDate": "1402/08/11", "Item": 4, "IsActive": true}}, {"model": "pors.dailymenuitem", "pk": 200, "fields": {"AvailableDate": "1402/08/11", "Item": 8, "IsActive": true}}, {"model": "pors.dailymenuitem", "pk": 201, "fields": {"AvailableDate": "1402/08/09", "Item": 3, "IsActive": true}}, {"model": "pors.dailymenuitem", "pk": 202, "fields": {"AvailableDate": "1402/08/09", "Item": 9, "IsActive": true}}, {"model": "pors.dailymenuitem", "pk": 203, "fields": {"AvailableDate": "1402/08/07", "Item": 3, "IsActive": true}}, {"model": "pors.dailymenuitem", "pk": 204, "fields": {"AvailableDate": "1402/08/07", "Item": 4, "IsActive": true}}, {"model": "pors.dailymenuitem", "pk": 205, "fields": {"AvailableDate": "1402/08/07", "Item": 10, "IsActive": true}}, {"model": "pors.dailymenuitem", "pk": 206, "fields": {"AvailableDate": "1402/08/07", "Item": 5, "IsActive": true}}, {"model": "pors.dailymenuitem", "pk": 210, "fields": {"AvailableDate": "1402/08/17", "Item": 8, "IsActive": true}}, {"model": "pors.dailymenuitem", "pk": 211, "fields": {"AvailableDate": "1402/08/10", "Item": 4, "IsActive": true}}, {"model": "pors.dailymenuitem", "pk": 212, "fields": {"AvailableDate": "1402/08/10", "Item": 7, "IsActive": true}}, {"model": "pors.dailymenuitem", "pk": 213, "fields": {"AvailableDate": "1402/08/04", "Item": 10, "IsActive": true}}, {"model": "pors.dailymenuitem", "pk": 214, "fields": {"AvailableDate": "1402/08/04", "Item": 6, "IsActive": true}}, {"model": "pors.dailymenuitem", "pk": 215, "fields": {"AvailableDate": "1402/08/04", "Item": 9, "IsActive": true}}, {"model": "pors.dailymenuitem", "pk": 216, "fields": {"AvailableDate": "1402/08/04", "Item": 2, "IsActive": true}}, {"model": "pors.dailymenuitem", "pk": 217, "fields": {"AvailableDate": "1402/08/04", "Item": 8, "IsActive": true}}, {"model": "pors.dailymenuitem", "pk": 218, "fields": {"AvailableDate": "1402/08/04", "Item": 5, "IsActive": true}}, {"model": "pors.dailymenuitem", "pk": 219, "fields": {"AvailableDate": "1402/08/04", "Item": 3, "IsActive": true}}]